Age,Income,Loan_Amount,Credit_History,Target_Default
58,150000000,50140485,Good,1
48,4443717,66868747,Excellent,0
34,7409352,50144248,Excellent,0
62,18329502,22943886,Excellent,0
27,12594271,22457883,Poor,0
40,11421928,66569139,Good,0
58,19241927,60651376,Good,0
38,11752967,54844908,Good,0
42,16526705,60742545,nan,0
30,4308507,7014017,Poor,0
30,12331795,62416012,Excellent,0
43,18086909,92908341,Good,1
55,15382318,59968851,Excellent,0
59,12986298,26672156,Good,0
43,3100734,54768169,Good,0
22,11546310,42203676,Good,1
41,6081091,43168898,Poor,1
21,19002437,10846866,Good,1
43,14091989,37227330,Excellent,0
63,15681730,34079221,Good,0
49,10265406,50031629,Poor,1
57,15735272,67959655,Poor,0
21,7755469,31687546,Good,0
40,18053770,87181046,Excellent,1
52,10974411,22127283,Excellent,0
31,17150540,65427082,Excellent,0
41,14666968,7059385,Excellent,0
63,4992825,31607070,Excellent,0
44,6832978,96335274,Good,0
68,9152941,40921754,Excellent,0
46,7115811,23152861,Good,1
61,11983212,86036161,Good,0
47,13438535,28340093,Good,1
35,5731638,70452592,Excellent,0
34,13556086,27821211,Excellent,0
66,5903633,35016158,Good,1
63,4940369,11964705,Excellent,1
22,11127125,47642935,nan,0
56,17672183,78741006,Good,1
26,7678714,79765359,Good,1
40,11109698,22022360,Excellent,1
28,17609307,84521699,Good,0
58,5322466,75931591,Poor,1
37,10778748,90130440,Good,1
23,11099932,96111673,Good,1
44,4946830,77079673,Excellent,0
33,10238987,8049316,Poor,0
69,12957168,95508655,Excellent,0
28,7660061,12503276,Excellent,0
45,5605214,32715389,Excellent,1
21,10923641,98424422,Poor,0
39,5229180,96153887,Good,0
47,13717207,82344057,Poor,1
66,18540627,41515315,Good,0
26,19169764,70818320,Excellent,0
63,12384451,67827874,Good,0
27,7188891,69027108,Poor,0
66,19541035,89792530,Good,0
54,12014653,54908282,Excellent,1
33,17064147,63544710,Excellent,0
36,7495511,31774619,Good,0
55,5363999,37105736,Excellent,0
69,12109096,18798270,Good,0
59,7790691,71183387,Poor,0
23,12852415,72667845,Excellent,0
21,12725345,15431929,Good,0
25,19722851,13497552,nan,1
61,17561193,40351951,Good,0
23,14186361,42432022,Good,0
48,7443778,55086878,nan,1
37,3260116,19625666,Good,0
45,9086368,65678947,nan,0
63,14006745,42945833,nan,0
53,14950831,75036964,Good,0
29,4257949,49652276,Poor,0
55,16607851,36745493,Good,0
33,14360589,40507773,Good,0
50,8538166,5973737,Good,0
67,15122948,27210217,Good,0
34,3388076,42457340,Good,0
27,18648245,94948213,Good,1
33,18300411,53155151,nan,1
42,8540070,68368711,Excellent,1
59,9491878,10698618,Excellent,0
40,18830160,30861356,Poor,0
35,4960826,81294529,Excellent,0
64,5844664,84890013,Good,0
37,5613275,11822603,Excellent,0
66,4378369,29027785,nan,0
43,5090212,35320939,Good,0
45,8230852,6805518,Poor,0
44,13630592,67155344,Excellent,1
64,3152999,42177857,nan,0
60,7600108,42153969,Excellent,0
48,14393942,38495435,Good,0
34,5854190,32312498,Good,0
64,4284382,45076121,Good,0
20,10196042,62021206,Excellent,0
44,6853321,19004881,Good,0
26,16676226,95185021,Excellent,1
28,14872847,69387807,Good,1
43,17882396,99257535,Good,1
20,7577033,82707325,Good,1
63,6257181,25868901,Excellent,0
27,8154048,13595960,Good,0
43,11361735,65395758,Good,0
30,17048203,55516162,Good,0
36,18686144,11736549,Good,0
27,13856760,53852189,Good,1
54,15796479,32023420,Excellent,0
54,18275987,56590272,Poor,0
52,11705956,88802796,Good,0
24,12714891,62628639,Excellent,1
61,5320688,19717083,nan,0
58,4805808,35670201,Poor,1
60,12709175,11671203,Poor,1
47,7220459,53393094,Excellent,1
26,7536119,67856981,nan,1
28,7654798,7750025,Excellent,1
27,17829445,29562662,Good,0
31,14666027,15478542,Poor,0
53,6622138,44290062,Excellent,0
52,13929084,51606102,Good,0
67,15617619,67516086,Good,1
42,12955661,5955205,Excellent,0
43,13305153,28443415,Poor,1
56,4207068,54172324,Good,0
54,4386980,46130558,Poor,0
63,14244602,65148245,Good,1
59,18702852,15421317,Good,0
41,10500960,43615932,Excellent,0
46,13781901,22977748,Good,0
54,6040267,62827935,Good,0
20,12685684,55796110,nan,0
54,17321905,26646139,Good,0
56,10536765,38197175,Good,0
66,15103896,66720365,nan,1
33,6138744,50515441,Excellent,1
22,11535078,15833583,Poor,0
20,9935774,50214597,Excellent,0
24,15033451,63261869,Good,1
45,7273445,61342202,Excellent,0
33,6184790,65993015,Poor,0
58,16926188,59935271,Excellent,0
46,15529971,80071230,Poor,1
28,9681935,50191244,Poor,0
34,12963441,60472357,Good,0
34,9689142,7480017,Good,0
45,7990961,9816129,Excellent,0
61,6646804,5917472,Poor,0
32,3647296,65998837,Poor,0
51,6122951,88055484,Good,1
58,3800101,25426495,Poor,1
68,7100612,10016239,Excellent,0
51,13348014,65782618,Excellent,0
23,12353526,65727594,Poor,0
49,11885366,91320218,nan,1
56,18292361,82347388,Excellent,1
42,11121757,66303241,Poor,0
58,11417233,29561090,Poor,0
64,5833552,42204318,nan,1
34,14820569,44087758,Poor,0
62,10376519,26223676,Excellent,0
48,4276647,29070924,Poor,0
55,15431216,26821296,Poor,0
32,19040922,76772618,Good,0
51,8416775,76626426,Good,1
26,11704813,28317396,nan,0
41,17497054,15686962,Poor,0
47,14319247,20808458,Poor,0
21,16913140,63834845,nan,0
61,15494127,6193982,Poor,0
64,15006468,81116475,Poor,0
25,9851803,61986402,Excellent,1
47,16045697,72615317,Excellent,0
47,17566079,66767845,Good,0
63,8742533,78657758,Good,0
63,5627144,66647309,Good,0
39,5825896,49467095,Good,1
49,7936792,85137648,Poor,0
30,18315631,57839391,Good,1
47,13427148,38019807,Good,0
44,7876872,37833206,Good,1
58,18099203,54975039,Good,0
52,11908385,27961593,Poor,0
20,19320131,8845474,Excellent,0
46,18165029,8924482,Excellent,0
32,5887698,41786884,Good,1
60,16565381,93833876,Good,1
22,15619233,71974034,Good,0
58,15417420,84243800,Poor,0
25,7031464,34327427,Good,0
27,10357804,99185020,Poor,1
46,5887296,62218588,Good,0
28,15977495,33905854,Excellent,0
56,5736582,66218834,Good,0
52,4100500,25589226,Good,1
61,4961977,90364161,Excellent,0
63,7032654,90456969,Good,1
43,3664468,62705020,Good,1
34,9978140,66119402,Poor,0
51,17521816,75180504,Poor,0
51,14748768,48488531,Excellent,1
43,16611312,34998127,Good,0
60,6037099,18322450,Good,1
68,15384217,99197655,Good,0
68,7828426,22728138,Good,0
31,11100706,39671806,Excellent,1
58,11379341,7298756,Excellent,0
21,12890633,28877268,Good,0
22,9579137,58119755,Poor,1
68,13980269,79282741,Good,0
56,4912584,15444453,Excellent,0
68,17178388,22196045,Good,0
36,17846767,99910154,Good,1
68,17677441,55254111,Poor,1
21,14250117,79149770,Poor,0
21,3747419,92324860,Poor,1
47,12468532,84612817,Good,1
42,8438684,85235674,Good,0
56,5380932,96403830,Good,0
51,4654753,90433013,Good,0
52,16685039,75065015,Excellent,0
20,11793380,23004438,Good,1
38,19673742,85733258,Good,1
21,13104107,52704340,Poor,0
63,3571107,33533675,Good,0
45,19064554,6543812,Poor,0
51,13905942,19534056,Excellent,0
25,5086213,87707002,Good,0
51,13302330,46385470,nan,0
23,14199468,28612248,Poor,0
30,11937492,36356085,Good,0
36,4999254,51988351,Good,1
57,8044842,28846147,Good,0
43,7156532,37544960,Excellent,0
24,9592910,76582311,Excellent,0
53,8561112,80759563,Excellent,0
25,10909699,52640981,nan,0
41,14255948,80900629,Excellent,0
30,3258517,78985777,Poor,1
67,12745741,54437614,Good,0
35,9428540,71190032,Poor,1
52,3705475,53294317,Good,1
28,18560243,62889421,Excellent,1
25,14177498,87226579,Good,0
35,7338843,73493686,Good,1
48,3424226,70215546,Good,0
22,15056199,57139050,Good,0
39,18843433,74058766,Poor,1
55,7117923,79614055,Good,0
38,9303745,97603509,Poor,0
45,3698956,22021093,Good,0
22,15290137,25122242,Poor,0
38,9278602,65267675,Good,0
39,9143326,89806839,Good,0
51,3175211,73870233,Poor,1
26,10519817,33413964,Good,1
60,15481574,99488385,Good,1
52,10412620,48410212,Good,0
59,18848375,96448240,Good,0
58,11544291,80495233,Poor,1
37,14392083,69671523,Good,1
59,7730741,73967861,Poor,0
20,8605126,93866329,Excellent,0
30,16952821,98693514,Good,0
47,17394752,9975467,nan,0
44,16149868,52994791,Poor,0
69,4455465,6429290,Poor,1
42,15581422,94074837,Poor,0
50,14098252,70026707,Poor,0
49,3211830,7120711,Poor,0
61,8987029,22298460,Good,0
54,9516616,78380135,Good,0
26,7755976,56731417,Good,0
35,9897673,99770077,Good,0
45,15448727,45468176,Good,1
67,9002296,61251007,Good,0
68,19852604,30653875,Good,0
21,9810183,38993871,Excellent,0
20,10983823,18657005,Excellent,1
67,11373296,17006205,nan,0
31,13718361,17998378,Good,1
24,8877809,11767567,Excellent,0
56,12886226,87664492,Excellent,1
51,11002619,36941562,Good,1
28,17978249,52645934,Good,0
60,10667857,44314351,nan,0
54,7428690,6894554,Poor,0
38,8439433,85213172,Good,1
67,11889782,85846038,Good,0
35,5881777,27632535,Good,0
22,19972462,46159935,Excellent,1
39,6696176,96870718,Poor,1
43,13732002,5947272,Good,0
52,11899691,61062130,Good,0
43,17697697,20942096,Poor,0
30,11437712,44898334,Poor,0
68,3863663,24896950,Good,0
27,8783182,19058702,Excellent,0
55,18821218,20624798,Good,0
57,16147590,17613997,Good,1
59,4206861,21136571,Poor,0
39,6119612,24398374,Good,0
54,19179640,33317302,Excellent,0
67,7936600,95029323,Excellent,0
44,17648065,24215280,Excellent,0
54,7736319,61086288,Good,0
44,18578914,42784639,Good,1
48,17160134,77555305,Good,0
37,5054780,6998173,Poor,0
65,3842186,93592877,Excellent,1
37,17578363,50516298,Excellent,0
21,13939922,40044449,Excellent,1
54,10116355,41657073,nan,0
35,8538917,47812486,Excellent,1
60,4124905,55973241,Good,0
55,6105958,50594401,Good,1
52,8559277,31632954,Poor,1
23,18315296,6534227,Good,0
52,11593059,84723877,Good,0
33,14812936,25974295,Poor,1
40,16138567,36044489,Excellent,0
67,3403322,57919199,Good,0
39,17748072,53280115,Excellent,0
27,17752304,9109070,Excellent,1
26,19055099,23583426,Good,0
22,17952964,76098148,Good,0
36,7077716,44911037,Good,0
52,13479153,46969656,Excellent,1
67,4908802,93826439,Excellent,1
31,10334901,14622823,Excellent,1
41,19035897,42392619,Poor,0
41,15132693,78199975,Good,1
65,11383190,89924298,Good,0
49,17931115,64072621,Excellent,0
57,18329893,28969983,Good,0
57,16296848,82882247,Good,0
64,17143266,9109404,Good,1
27,7466134,64081565,Good,0
46,13093205,93136247,Good,0
46,15154297,25096059,Good,1
53,6127748,65637833,Good,1
40,17722892,32758630,Good,0
49,12223644,98826587,Excellent,0
52,13758430,54691696,Excellent,1
47,16863529,47720675,Good,0
66,15569021,81210812,Excellent,0
52,6496605,96177996,Good,0
24,9416438,5278495,Poor,0
67,8311499,33446755,Excellent,1
38,19413328,64551513,Excellent,0
23,6647371,99153950,Excellent,0
54,4147116,65043429,Good,0
68,14345174,94803134,Good,0
36,6772763,82219671,Excellent,0
63,4271300,96766135,Good,0
47,15048339,91916566,Good,0
49,15776695,25757269,Excellent,0
48,6842411,72808897,Excellent,0
65,9310208,77216606,Excellent,0
25,16687761,95922358,Good,0
54,14654304,87358282,Excellent,0
60,6341861,8901403,Good,1
56,16116915,57177348,Good,0
43,5615804,46859263,Poor,0
48,4982243,83164453,Good,0
68,6413654,28659943,Good,1
65,6270209,86942765,Poor,0
50,10323988,18490091,Good,1
54,14045633,82281083,Good,0
52,11210880,86966525,Good,1
40,6594058,6742166,Good,1
51,11117654,89921488,Good,0
42,3233782,23238528,Excellent,0
52,4794291,99850294,Excellent,0
22,7952075,71505438,Good,0
37,6898606,93940009,Excellent,0
44,5878117,47439480,Good,0
61,15670380,7873524,Good,0
50,13431645,58074103,Excellent,0
22,15774615,91155489,Good,0
59,8287913,94899784,nan,0
65,6733149,18855509,Good,0
43,14476429,31869644,Excellent,1
69,8316741,19226520,Good,0
51,5804802,55627247,Good,1
66,7157263,73665873,Good,0
41,7488198,52082866,Excellent,0
42,15001352,39152336,Poor,0
21,12515406,84254926,nan,0
46,10084609,55448489,Good,1
61,13091985,10907726,Good,0
21,14720657,63890190,Good,0
45,4490687,34088574,Poor,1
36,16070601,10826038,Excellent,0
59,12311768,5237068,Good,1
52,14991292,93910672,Poor,1
28,14336501,70113119,Good,0
62,8272864,67359944,Poor,0
67,6788963,17537895,Excellent,0
58,14540237,72960025,Good,0
48,8185773,37927450,Good,0
61,15728700,93659025,nan,1
45,14021186,14093964,Excellent,1
54,3968616,66980075,Poor,0
69,12639564,12870907,Poor,0
44,4490036,80822406,Good,0
43,10179156,73911330,Poor,0
32,13197985,84319087,Excellent,1
26,13109464,7382865,Poor,0
55,12352771,72573174,Good,0
64,10904428,52376166,Good,0
39,14401147,75823619,Good,1
20,17113803,47500282,Good,0
27,15070495,58459288,Good,1
65,5322523,64488479,Good,0
35,7746771,9303677,Good,1
33,11640145,43307724,Good,0
31,3864645,68925100,Poor,0
42,4428127,64892560,Good,1
34,11859690,28005168,Good,0
47,13309885,87642148,Good,0
53,7254849,48586949,Good,0
21,10574587,27451154,Poor,1
51,18407570,80118156,Good,1
42,18669534,77217592,Excellent,0
41,11336900,60392443,nan,0
44,6512664,94655129,Excellent,1
41,17930561,89805214,Poor,0
41,3973181,52574147,Excellent,1
68,14505418,11379515,Poor,0
61,16284604,96964966,Good,1
25,12922462,28266975,Good,1
34,5061774,74679589,Excellent,1
62,5790358,33576958,Good,0
56,9976610,40980709,Good,0
52,9210715,52044727,Excellent,0
27,6711584,43879284,Excellent,0
63,9913283,50143490,Good,0
63,4619715,99553730,Poor,0
24,13016295,6317621,Good,1
58,9314768,61740577,Excellent,0
23,11815995,24145109,Good,0
25,9726451,48383391,Good,0
64,11064220,94652220,Excellent,0
51,18478907,65619173,Good,0
49,16018596,10053127,Poor,0
66,19285299,42625927,Good,1
54,14483618,82314232,Good,0
59,5456070,23868229,Poor,0
35,11878234,17019231,Good,0
32,3288859,75790754,Good,1
69,18805013,10991305,Good,0
61,15390020,86540863,Poor,1
49,16824509,51015290,nan,0
38,11982913,10887774,nan,1
36,7257341,51055772,Good,0
38,18321333,68034622,Good,0
47,8477093,86059517,Good,0
45,11592974,89918579,Excellent,0
56,13640009,75929752,Good,0
45,8529046,12534504,nan,1
42,12426807,16364638,Good,0
28,10562116,91217428,nan,1
31,16691916,99287443,Excellent,1
20,18220404,61896917,Excellent,0
20,12091044,12199107,Good,1
66,18336095,7806284,Good,0
53,17942371,33052393,Good,0
51,4551330,53725617,Good,1
67,3971248,15002707,Good,0
44,7657851,11572531,Poor,0
59,8378750,6141452,Good,0
64,5607411,62147728,Poor,0
20,4693439,71014115,Poor,1
35,6437172,94436640,Good,0
58,19604953,37080782,nan,0
24,12447933,56562444,Good,0
41,9919875,5113936,Good,0
48,8542511,59542231,Good,0
22,15807931,79648633,Excellent,0
31,17058065,83746951,Good,0
45,6815144,67232561,Good,0
35,19541107,52257306,Poor,1
56,3817052,42834860,Good,0
41,10596585,35776598,Poor,1
48,19177172,48855533,nan,1
33,16302313,74542215,nan,1
47,9269324,91075143,Good,1
24,4428080,83479674,Good,0
66,12490536,88307993,Good,0
68,5521279,24596398,Good,0
49,13488951,14382586,Good,0
65,15485000,32639012,Good,1
24,5726016,50422040,nan,0
31,3442939,69374460,nan,1
35,5711793,97357494,Good,0
45,16135871,84522817,Good,1
45,17278587,49772085,Good,0
67,5319124,60500286,Good,0
40,17021366,18575056,Poor,0
58,16331233,76224605,Poor,1
55,18188743,88532383,Excellent,0
52,19566471,8457521,Excellent,1
49,4727408,93570093,Poor,1
56,14952983,69652381,Poor,1
42,10436754,34797713,Good,0
29,16137311,67098188,Poor,1
24,19751531,82952170,Good,1
55,5320484,60376477,Good,0
53,7105223,77792724,Good,0
50,14211596,65999279,Good,0
29,14963776,97773200,nan,0
38,10609964,50444007,Good,0
51,7055447,39321874,Good,1
20,19342498,96822707,Good,0
24,17501508,64195534,Poor,0
64,6293331,23707656,Good,1
23,16457684,47322633,nan,0
35,10253817,10478878,Excellent,1
43,7335518,86574358,Poor,0
35,11589747,10679487,Poor,0
21,8222798,20726259,Good,0
68,14135474,90512608,Good,0
47,17082610,44651128,Excellent,0
51,12596394,7914611,Good,1
46,14772676,24024896,Good,0
39,13348533,68382571,Poor,1
43,13401929,21037706,Good,0
31,4989968,54558625,nan,0
69,8303943,85438536,Good,0
54,18453951,83874382,Excellent,0
52,8497191,30118176,Poor,1
52,17121422,81635085,Excellent,1
62,14004849,42434360,Good,1
56,14232194,67575544,Poor,0
31,15458819,12039879,Excellent,0
22,8137997,74224090,Good,0
20,17084264,79071229,Good,1
52,10270518,39895115,Poor,0
59,15406973,25407616,Excellent,0
29,11173321,78103466,Good,0
62,10899284,91740199,nan,0
63,4003171,58005353,Good,0
48,19147083,78416381,Good,0
32,17636519,8305610,Excellent,1
31,4370485,30619046,Poor,1
50,10045900,7088618,Excellent,0
65,3981883,83096799,nan,0
21,4668321,95809052,Good,0
69,16296138,59732500,Good,1
54,13007310,19094164,Good,1
42,9154512,95646071,Excellent,1
36,8418952,57924805,Excellent,1
45,7264423,20741873,Good,0
27,13262330,28835237,Good,1
48,16816653,87272164,Good,0
45,11181883,66669567,Excellent,0
29,18309784,11662064,Good,1
45,4519603,72326178,Good,0
53,12268511,57966770,Poor,0
60,19580018,10728394,Excellent,0
26,3978836,53388951,Poor,0
23,17804511,89634772,Poor,1
69,11568438,58798337,Good,0
64,14872752,54898558,Poor,0
30,5659083,49019815,Excellent,0
48,12625105,56946342,nan,0
55,16994132,71556571,Good,0
44,12935869,20214586,Good,0
40,10880317,81079376,Good,0
55,11281447,25658359,Good,1
29,16424877,26688293,Excellent,1
56,15927622,66867035,Good,0
28,6895958,23722753,Good,0
43,16689493,46495670,Good,0
54,4265898,30243940,Good,1
68,18918424,47327410,Good,0
54,5120539,32188467,Good,1
67,8947148,92260739,Good,1
55,6231185,33618453,Excellent,1
37,14054686,33694704,Poor,1
68,12614742,6572138,Good,0
58,16635242,82821196,nan,0
51,4599908,49171571,Poor,1
43,8309792,98904441,Excellent,0
42,5353847,55557904,Good,0
51,14018754,85514152,Good,0
56,5892478,18468899,Good,0
31,13831890,96735533,Good,1
68,16451286,61825938,Good,0
32,8949852,79110701,nan,0
42,3029725,75606695,Good,1
44,17941550,7848439,Good,1
54,12184536,27755322,Poor,0
60,17212223,29843035,Good,0
49,19413806,52453056,Poor,0
36,5662761,99797607,Poor,0
68,17408889,46888352,Excellent,0
39,9524559,74130699,nan,0
67,16128927,11427095,Good,1
44,16726569,70771889,Poor,0
41,8627745,52206309,nan,0
32,6911146,42086106,Excellent,0
38,4707017,96222382,Good,0
68,3689556,33093327,nan,1
55,14245869,11282827,Good,0
31,5253722,53442092,nan,0
60,4649729,44576088,Good,0
38,19415656,34990398,Poor,1
31,4116271,11519585,Excellent,0
28,13916876,13132162,Good,0
26,6099555,26588887,Good,0
47,16650521,14492989,Good,1
33,18231184,29325097,nan,0
50,16825997,10055769,Excellent,0
38,6710388,21613311,Excellent,0
66,6235192,71104329,Poor,0
35,4935090,94947346,Excellent,1
24,6937270,60906455,Good,1
54,9739013,26079044,Good,0
31,10089975,95395842,Excellent,0
44,11805586,35271417,Good,0
40,7819075,22321242,Good,0
55,14009646,17696688,Good,0
42,17165372,34540622,Good,0
35,14768963,96107432,Excellent,0
58,17263315,36239860,Good,0
64,17531095,26249305,Excellent,1
61,6868452,58182422,Good,1
58,11074037,46175390,Good,1
33,4312743,60914929,Good,0
50,16822356,93316755,Excellent,1
24,13315813,37059531,Poor,0
54,15123053,17563926,nan,0
42,19881411,64366531,Poor,1
48,10008443,10918806,Poor,0
62,19705808,80622063,Poor,0
30,12727094,20272118,nan,0
37,12866460,62153903,Excellent,0
66,10303693,97913792,Good,0
31,13108631,15986741,Poor,0
28,14058916,18356632,Poor,1
29,10983439,52081025,Excellent,0
63,11268541,16685762,Good,0
36,12546263,48151508,Excellent,0
57,4294929,88260243,nan,0
26,5504594,84238576,Good,1
65,10711634,47926707,Excellent,0
32,18797566,78414100,Good,0
59,5414802,74474749,Good,0
61,19593301,78304060,Good,1
28,3443031,5880096,Good,1
69,19053323,33756261,Excellent,0
46,18663645,58256185,Good,0
21,10061183,85281849,Good,0
24,14592111,56923821,Good,0
48,3290998,15015667,Good,0
56,7855920,69996302,Good,1
57,9367712,36087640,Poor,0
38,14437201,40027732,Good,1
27,10997043,95645463,Excellent,0
67,3181360,69940921,Excellent,0
64,8532410,71338692,Good,0
20,7138286,53883781,Excellent,0
41,17713851,65126058,Good,0
36,14031669,5892015,Good,0
26,11333100,66203758,Good,0
44,9893728,70184214,Good,0
64,17451971,15356675,Poor,0
23,7933594,86248346,Excellent,0
55,18697605,56982996,Good,0
25,19599117,41425691,Excellent,0
50,7382794,22631957,Good,0
38,9699144,8352214,Excellent,0
63,10867791,57355263,Good,1
58,16099507,24787303,Good,1
46,15285500,66395288,Good,0
29,16246601,27158515,Good,0
45,8289730,51433264,Poor,0
38,14850700,91904519,Excellent,1
58,6239536,65348918,Good,0
22,18341821,21912586,Excellent,0
64,5326133,89742716,Poor,1
32,13128069,50975556,Excellent,0
69,13538832,26419897,Good,0
47,10948140,66664492,Good,0
39,8720626,61526516,nan,0
47,16654772,81413476,Poor,1
27,9221714,55758892,Good,1
60,9374825,37320708,Good,0
58,8005858,25333128,Good,0
20,11221252,93897082,Poor,0
22,6415871,9713199,Excellent,0
32,15429667,14664001,Good,0
47,5866757,91400448,Poor,0
68,13636547,57420967,Poor,0
44,15743293,10125819,Poor,0
52,8913318,15598429,Poor,0
57,16487010,89678410,Excellent,0
25,15651832,9474843,Good,0
63,14135784,23520171,Excellent,0
64,14416757,45866635,Good,0
51,6651387,74895769,Good,0
64,13916027,40400396,Good,0
66,4711672,28511930,Good,0
40,8905950,69886718,Good,0
35,6212883,8503548,Good,0
40,6028631,31801589,Excellent,0
30,17218200,79293979,Good,1
56,17987811,68639417,Excellent,0
55,9423959,57916829,Good,0
54,13167147,46535944,nan,0
38,7024733,7269798,Excellent,0
39,19721115,9181726,Good,0
37,12802630,8439289,Excellent,0
66,12340854,96571895,Poor,0
60,3019675,21186862,Excellent,0
68,9810805,87932385,Poor,0
33,7464344,87031862,Poor,0
34,17057676,99280222,Excellent,1
50,13797637,97407347,Good,0
20,15310059,24375691,Good,1
22,3566088,92741878,Excellent,1
35,16727532,38378855,Good,0
42,9558947,93827492,Good,0
30,13151607,91845550,Good,0
31,3658003,56267968,Good,1
29,13788689,17275520,nan,1
51,3805113,60341816,Good,0
35,12322004,69990398,Good,1
27,8028035,10422569,Poor,0
57,14551409,71394805,Excellent,0
31,18433222,52468948,Good,1
43,5092101,40202256,Good,1
47,8995134,64871253,nan,0
27,13347918,41938405,Poor,1
47,9208714,94696866,Good,1
55,13552467,35361580,Good,1
45,15834263,59457551,Good,1
27,15124052,85787463,Good,1
69,13072959,13821437,Good,0
47,12851044,93200976,Excellent,1
47,15834836,72342864,Good,0
56,14962073,97596825,Excellent,1
60,18851428,99879909,Good,0
55,15155863,67640623,Excellent,0
46,12988400,62475661,Excellent,0
36,15863378,33529068,Good,0
28,16981528,18693090,Poor,0
52,10402324,15688877,Good,1
39,17293436,30732334,Excellent,1
32,15065969,67701639,Excellent,0
47,8403252,65011150,Good,1
67,19868222,52775541,Good,1
48,7151785,56039740,Good,0
32,15467192,46279258,Excellent,0
65,19983703,6097996,Good,1
54,6637820,97874480,Good,0
25,6284321,99643444,Good,1
37,17960682,76926775,Good,1
24,14327910,76967803,Excellent,1
66,11433840,65422713,Good,0
44,18140449,67325142,Poor,0
21,18463365,6383640,Good,0
29,16609569,39068385,Good,0
49,4379904,11051865,Poor,0
69,10353172,34404164,nan,0
64,4437188,11434323,Excellent,0
24,4656321,26340869,Good,1
52,3538645,5685503,Good,0
20,19374601,15311825,Excellent,0
37,8832801,89223363,Good,0
51,14218063,98852920,Good,0
66,13891900,9777421,Excellent,0
68,9550091,30557004,Excellent,1
30,13999077,27473606,nan,0
40,10370683,54035647,nan,1
45,9439522,92585323,Excellent,0
44,19492575,57829582,Good,1
41,6471750,86801234,Good,1
46,5765331,9218346,Poor,1
68,11976766,59934254,Poor,1
32,5630723,28741419,Good,1
52,19152789,30061794,Good,1
53,12967246,66431120,Good,0
60,10543159,51884754,Poor,0
54,8384935,59675347,Good,0
20,15155092,88379811,Good,0
40,17514254,16524217,Poor,0
67,17563931,95812847,Excellent,0
25,8692796,71725931,Good,1
47,5639929,14324391,Poor,1
36,6133211,35717847,Excellent,0
24,17144368,82657404,Good,0
50,19019902,7906492,Good,1
24,14616152,27919530,Good,0
57,4726199,57073536,Good,1
22,15858621,33412258,nan,0
42,15756935,52878943,Good,0
56,8071915,5122019,Poor,0
56,3443945,34731980,Good,1
29,9310114,6765317,Good,0
29,19798469,89065081,Poor,0
38,5276787,33058751,Good,0
36,10690840,13202637,Good,0
40,12338770,37676719,Good,1
33,18342276,92013102,Good,1
28,18200562,34014013,Poor,0
65,4274634,7416826,Good,0
20,5755063,68574747,Excellent,0
64,4228807,9290447,Poor,1
32,19286171,50806781,Good,1
23,15902884,5144771,Good,0
20,10601748,60546284,Good,1
68,7463158,10749593,Excellent,0
59,11803208,56340571,Good,1
51,5269070,83495583,Excellent,1
53,7413359,23598124,Good,1
47,10640167,13499970,Excellent,1
50,10322153,59248181,Good,0
27,12837371,27311047,Excellent,1
58,5519507,15425111,Good,0
45,16454789,59702250,Good,0
53,11468865,58012638,Good,0
22,19001900,93553672,Good,1
69,17890609,7362854,nan,0
31,3371616,12284268,Good,0
20,12163766,53025351,Good,0
63,17451300,86451590,Poor,0
24,3279215,48682162,Good,0
49,18748714,24828838,Poor,1
49,5843236,49729321,Poor,1
36,15126467,22552508,Good,0
67,10379933,25704568,nan,1
66,4960584,24110863,Good,1
42,18884862,15298825,Good,0
34,7226156,14989349,Excellent,1
56,19567828,5189073,Poor,1
40,10983372,55690929,Good,0
33,14590817,96002052,Poor,0
21,11127747,59745659,Good,1
30,16829625,32504225,Good,0
58,5592536,56417258,Excellent,0
57,14364243,84863165,Good,0
53,8504381,97068012,Good,0
57,6878363,12752342,Excellent,1
69,10435697,92744964,nan,0
53,8898885,39613597,Good,0
37,10601723,43854533,Poor,0
49,10946155,29373175,Poor,0
34,18850872,8933817,nan,0
46,13384778,84003644,Excellent,0
53,15277185,64546219,Good,1
57,8688238,22353731,Good,0
52,16874539,82859932,Good,0
43,9703560,42841814,Excellent,0
34,11697057,7050053,Poor,0
49,3533634,10021983,Poor,0
61,11578845,6985681,nan,0
36,11102873,70586599,Good,1
24,12244655,74670777,Good,0
48,7623636,65539487,Good,1
23,18325339,50278419,Good,0
29,8334233,59594159,Good,1
36,4406368,45180087,Good,0
29,8785267,39443130,Poor,1
36,19150865,99483266,Excellent,0
39,14639736,73668521,Poor,0
43,19067759,32397770,Poor,0
24,6489429,46252240,Good,1
53,18866128,44492703,Excellent,0
25,9478443,55877374,Excellent,0
21,13897034,91566339,Poor,1
32,13919694,70055568,Good,0
62,8710754,46321256,Good,1
62,8432019,13830852,Good,0
67,13392034,62731487,Poor,1
30,19394487,68750869,Excellent,0
66,11512558,39045431,Excellent,0
42,15912550,18200674,Good,0
35,16183429,44755285,Excellent,1
50,5650235,36802560,nan,0
30,7740039,36148181,Good,0
35,13129142,13796015,Good,1
27,12693374,73412170,nan,0
23,5676517,77598476,Good,1
59,7307086,97695290,nan,1
23,10331006,46999675,nan,1
44,11329442,20599691,Poor,1
22,11831924,18984342,Excellent,0
51,9168563,7343136,Excellent,0
22,6456653,9422888,Poor,1
46,4888806,50507400,Good,0
48,14633032,18710025,Good,0
51,6961676,57052092,Good,1
69,4760462,21862382,Poor,0
38,13627281,63405956,Good,1
40,13011762,70320191,Good,1
24,7058848,50922006,Good,1
37,3809178,52001629,Excellent,1
47,9934106,22075099,nan,1
61,10486327,28627745,nan,1
41,3721037,68077612,Good,0
40,19530109,17541175,Excellent,0
25,4021469,56087727,Excellent,1
20,8779277,25410862,Poor,1
24,13769914,36280152,Poor,0
60,5892371,73552265,Good,0
31,13200944,28547369,nan,0
45,15722456,97890104,Good,0
65,19052493,17479981,Good,1
53,13539669,82755705,Poor,1
68,16553746,32898230,Good,0
33,3941768,76264168,Good,0
45,18132955,95801176,Poor,0
64,13228691,28487821,Good,1
46,11043846,19495074,Excellent,0
28,3465982,42363827,Poor,0
45,3273146,34073121,Poor,0
66,16907579,66449993,Poor,0
41,8453174,69694370,Poor,0
66,9124152,74768650,Poor,0
49,4164795,80810388,Poor,0
62,12777938,51177493,Excellent,0
67,16767053,30514668,Excellent,0
36,5409381,49923382,Excellent,1
45,16141428,67344912,Good,1
55,10026492,59654399,Good,1
20,14959207,91817611,nan,1
27,3077175,25101240,Good,0
68,14074355,62455401,Good,0
54,19872244,93761297,Poor,0
34,4558242,88204149,Good,1
66,16074362,39968906,Good,1
41,18821133,64073295,nan,0
33,7319453,54176816,Poor,0
45,8445315,46604850,Good,0
47,11552442,81858897,nan,1
42,12618395,66010402,nan,0
33,6012359,58289146,Good,0
43,12714177,94130841,Good,0
21,19072552,44754383,Excellent,0
64,12805436,53544005,Excellent,1
45,10204776,6569720,Poor,0
33,8051646,31293611,Excellent,1
26,6625654,10181930,Poor,0
22,3285711,43689071,Good,1
66,12511997,48878697,Poor,1
42,17689949,92457467,Good,0
65,12241354,20955843,Excellent,0
62,16958719,26691366,Poor,1
66,3422381,31875637,Good,0
64,16043156,60614081,Poor,1
37,14059860,22686426,Good,1
57,7900164,99226714,Good,1
54,12909551,20340110,Poor,0
34,16952275,97307454,Good,0
44,9336356,11240327,Excellent,0
56,16704180,34915838,Good,0
47,3460796,61620918,Poor,1
29,10740616,84966125,Excellent,1
58,17503356,34839934,Poor,0
36,8994376,87992103,Good,1
58,8858338,90346315,nan,0
41,7989904,23235532,Good,0
45,12392609,90313277,Good,1
63,14594207,35436906,Good,1
44,9270016,18022270,Good,0
36,10320583,28916796,nan,1
32,10822636,26709264,Good,0
39,6177902,36478135,Excellent,0
44,18014061,45322851,Excellent,0
23,4899054,25638676,Good,1
29,4550184,11918863,Poor,0
22,11153113,29693539,Good,0
60,6273523,58938971,Good,0
64,15007956,87932341,Good,1
37,16136003,11257838,nan,0
66,14434523,31099300,nan,0
55,10296405,95301341,Good,0
66,17139308,88744525,Good,0
41,11659522,15601417,Excellent,1
53,19264021,33116038,Good,0
66,9040502,91087660,Excellent,1
27,17319175,44028092,Poor,0
59,8547094,24787044,Good,1
68,6100581,42706524,Excellent,0
63,5661637,99064834,Good,0
38,6672277,72178382,nan,0
61,15545745,89062435,nan,1
60,13643344,32082158,Good,1
56,6021372,97394931,Good,0
25,19077579,26978898,nan,1
45,13776837,45784489,nan,0
53,7854042,95573844,Good,0
64,17503291,70034404,Excellent,0
25,6830121,48640858,Good,0
56,14951552,24553590,Good,1
52,16838428,74427484,Excellent,0
41,6372455,70091864,Good,0
40,7268173,83058309,nan,0
25,9034722,17063550,Good,0
25,12258415,79409123,Poor,0
67,19611127,11295425,Good,0
23,7070028,14472917,Poor,0
49,14053104,7429151,Poor,0
30,14260784,69617617,Good,0
49,4369277,68808437,Poor,0
50,3749971,19700387,Good,0
43,18711072,77630316,Good,0
28,15554841,46505238,Excellent,0
22,11222502,97776481,Good,0
50,7460276,30492108,Poor,0
59,10456688,75886205,Poor,0
56,11874365,36278965,Poor,0
55,7961828,47211548,Good,0
43,17226224,9585315,Good,0
50,4500948,52614485,Good,1
25,9327090,93862643,Excellent,0
21,8837196,73879267,Excellent,0
39,18226559,53291558,Poor,1
47,5702994,79677234,Good,0
30,8557805,26706642,Good,1
23,7902444,98551173,Good,0
34,19969728,5506995,Good,1
25,17163986,74294318,Good,0
68,8845447,44816526,Good,0
49,16293556,63259896,Good,1
57,4549420,74181587,Good,0
21,14737532,77336392,Good,0
34,17937388,66555999,Good,1
30,11312934,55897283,Good,0
27,6900379,55859057,Good,0
45,6804409,99455633,Poor,0
64,14353540,65321284,Good,0
63,9722055,5287635,Good,1
24,18056024,5583510,Good,1
25,18414106,87467453,Good,0
45,12035949,21760394,Good,0
23,9281646,76831204,Good,0
38,9426288,88853589,Poor,0
39,12590446,69513977,Good,1
52,8281091,20845187,Good,0
39,7408285,93665052,Excellent,0
68,17945952,95221867,Good,1
31,16363838,85443169,Good,1
66,11012369,35186120,Excellent,0
20,19481938,24838558,Excellent,0
45,14044590,89486278,Good,0
33,14633575,41635794,Good,1
57,8059667,60026153,Good,0
56,11090736,58979613,Good,0
30,5985696,39595998,Poor,0
55,11826233,18627775,Good,0
32,6301106,55147490,Good,0
62,16781646,70743288,nan,1
22,13930625,35418772,nan,1
52,12958665,60413150,Good,1
25,12249677,40173714,Poor,0
69,17102737,75542942,Good,1
29,16737336,82332767,Excellent,1
24,17477978,26219187,Good,0
42,19938661,43405257,Good,0
29,6834242,96209857,Good,0
63,14671439,81384571,Good,1
21,9494503,44149527,Good,0
32,19725072,12438096,Excellent,1
59,3684029,8053407,Poor,0
21,8337355,34311119,Good,1
39,18206634,90303311,Good,0
20,9981440,65251437,Good,1
56,6999694,11818922,Excellent,0
28,19684388,51270592,nan,1
36,17324285,22929098,nan,0
28,19986160,29895828,Excellent,0
30,14214102,45553798,Good,0
34,19553464,74580185,Good,0
43,10964443,30256241,Poor,0
57,4197162,20393675,nan,0
54,4046161,43177374,Good,1
49,7688482,14449168,Good,0
50,11348022,69052448,Excellent,0
68,17911560,37250847,Good,0
24,9983604,60050560,Good,0
63,13168293,70985129,Poor,1
69,7754619,48866822,Good,0
33,9465377,17998017,Good,1
30,9129439,42451369,Excellent,0
28,12061826,98683479,Poor,0
53,7902059,54987331,nan,1
31,14049806,44052395,Good,0
54,9607912,9102553,Good,0
54,8573694,33266442,Excellent,0
20,15304378,49674343,Poor,1
59,13569315,80543722,Good,0
41,13089851,18474284,Excellent,0
48,6887008,48293890,Good,0
27,13200983,55806795,Good,0
30,19616737,91903273,Good,1
60,15016055,67606106,Good,0
56,9725275,7112368,Good,0
33,6615652,32609269,Poor,1
49,11457411,45373185,Excellent,0
54,12137344,72985200,nan,0
40,8720622,28213953,Good,0
56,19455442,60229755,Good,0
24,11634012,10782197,Good,0
38,9933705,18317715,Good,0
33,19794513,84007515,Poor,0
45,16151214,84806232,Excellent,0
23,9010334,83967903,Excellent,0
44,14415002,37308604,Good,0
64,17512253,25849083,Good,0
61,12615754,28888169,Good,1
44,17557759,67632743,Good,0
37,12004471,53617184,Poor,1
59,18723723,6418060,nan,0
27,6765056,26005303,Good,1
58,18877150,9639022,Excellent,1
59,6325315,30657039,Poor,0
33,17161520,57600341,Good,0
51,17067121,29465875,Poor,0
57,8217092,64628273,Good,0
52,11264605,64042154,Good,0
42,6820887,89571418,Poor,1
34,5846274,71147880,Excellent,0
52,16228106,46997785,Good,0
44,15784172,6683032,Good,0
36,8988099,27009867,Excellent,0
52,19159082,88629479,Excellent,1
66,3376794,10954632,Excellent,1
21,19213225,63765512,Good,0
33,6033349,87028383,nan,0
59,17930164,41900577,Good,0
59,3782877,64972646,Poor,1
58,10068132,32381819,Good,0
25,16784612,91536512,Poor,0
25,14999401,76284146,Good,1
22,9299492,77564347,Good,0
26,8928643,28641763,Good,1
27,14469585,84015319,Good,0
61,12724700,68058842,Poor,1
34,3850350,41128129,Excellent,0
66,16515389,37532126,nan,0
48,14593836,87320668,Good,0
52,11556255,71075147,Excellent,1
49,3435477,66766811,Poor,0
58,13072131,46450835,Good,0
46,18232068,11097020,Good,0
55,8651944,6196311,Poor,0
48,7327308,86619860,nan,0
57,14348641,34609865,Poor,1
52,14217238,71341485,Good,0
56,15633010,35760593,Poor,0
46,9538655,15675927,Good,0
52,15713456,86416865,Excellent,0
23,5844180,52322239,Excellent,0
41,14010186,87716985,Good,0
21,15976486,6462603,Excellent,0
29,18148530,83518263,Good,0
24,8066112,38691077,nan,1
29,13061403,56983779,Good,0
52,11950668,39741269,Good,0
57,8301358,20116926,Good,1
32,17350770,49378959,Good,1
50,7889084,55385335,Good,0
66,10133456,51992088,Poor,0
55,3871522,91376352,Poor,1
64,18523665,94059475,Excellent,0
43,17855831,41183569,Good,0
34,17916345,85296229,Poor,0
48,5181906,67595266,Good,0
27,4705243,20614614,Excellent,0
24,7274692,9776415,Good,1
48,5975605,32205484,nan,0
66,8099154,99294138,Excellent,0
23,16277247,87322831,Poor,0
31,16763700,82468612,Good,0
64,17573834,28985603,Good,1
21,11152885,62223828,Good,0
46,12176748,42416039,Excellent,1
50,14947147,16917042,nan,0
55,18773429,25901606,Good,0
55,9216074,74765086,Poor,1
45,13511846,53189133,Excellent,0
62,16114884,48070149,Poor,0
46,7588727,52375247,Good,1
24,13007571,42821420,Good,0
39,11978989,15176828,Good,1
30,16792249,10459501,Excellent,1
29,6683909,46129759,Good,0
59,4539600,9013582,Good,0
57,19319346,7872875,nan,0
25,10465106,82327760,Poor,0
27,15000254,86683112,Excellent,1
42,4416953,57173294,Good,1
66,3421280,29747780,Good,0
45,3909245,46592940,nan,0
65,18993238,87743066,Good,0
62,19011662,90482326,Good,0
31,17873290,48762279,Good,1
45,3592632,35071551,Good,0
32,15425714,80303117,Good,1
59,19439220,74578794,Excellent,0
37,15259034,5131936,nan,1
44,8730385,63557684,nan,0
52,5381486,48922786,Good,0
66,16814531,60173904,Good,0
59,11168326,24247186,Good,1
62,15550508,60394229,Excellent,0
31,19902654,43866902,Good,0
63,13305651,16924255,Poor,0
55,16605804,36785895,Excellent,0
67,10085904,88341196,Good,0
23,16824880,91464762,Good,1
24,9699744,52701715,nan,0
56,13587999,18936930,nan,0
27,5801445,67110920,Good,0
61,15913082,98896476,Good,0
68,14252748,80689368,nan,0
47,14953070,43837854,Good,0
50,9839789,26384981,Good,0
28,11570556,48026369,Good,0
48,17994127,62489324,Poor,1
33,4206751,91266692,Good,0
59,3953692,63954235,Good,1
60,19994986,34969114,Good,0
41,19272265,97552792,Poor,0
30,9969129,68993927,nan,0
42,13825853,10219574,Excellent,0
20,19515348,53521856,Excellent,1
65,7513070,15387155,Poor,1
56,13570521,60901099,Good,0
40,4478768,17433238,Good,0
45,19641511,84622751,nan,0
65,12953821,93677962,Good,0
55,18008832,78971622,Good,0
42,3402980,84826926,Excellent,1
20,12557540,39550325,Good,1
59,17722791,33362071,Good,1
34,17163844,7670492,nan,1
40,9932667,19223887,Excellent,0
66,12837695,75086163,Good,0
28,5108542,91820397,nan,0
28,9922496,37329598,Poor,0
29,12326243,67023737,Excellent,0
45,15204734,38119668,Good,1
60,14455591,29928384,Good,1
54,5846230,92126721,Poor,1
44,16970696,74824412,Excellent,1
45,8553535,72887955,Poor,1
30,6678621,16765788,Good,0
57,7556766,35725231,Good,1
21,18074661,40261362,Excellent,0
26,9227018,94853600,Good,0
37,12686599,36766658,Poor,1
46,9971138,89850875,Good,1
53,18237307,19284450,Good,0
46,13202796,49526276,Poor,0
36,13495967,73687322,Poor,0
62,11607009,30435339,Good,0
63,11547900,48563219,Good,1
43,10545189,61313452,Excellent,0
44,14556367,33963091,Good,0
26,11852545,19912584,Poor,0
25,18275664,89558066,nan,0
43,5681206,54388645,Good,0
52,3187771,79954636,nan,1
68,10290213,80156920,Good,0
48,17392507,19136405,Poor,0
62,14121089,28767091,Good,0
41,14991223,70534828,nan,0
45,3751518,31668885,Good,1
47,15320194,64233322,Good,0
69,17828758,42562578,nan,1
40,19716407,36281095,Poor,0
68,5332214,7361331,Poor,0
26,8081820,90044423,Good,0
36,12042832,66394671,Excellent,0
39,5250397,9348530,Good,1
60,13387892,46837593,Good,0
68,13390284,77265622,Poor,0
39,11291860,48484059,Good,0
41,18850898,97393608,nan,0
47,11843026,90543663,nan,1
59,10726360,55394662,Excellent,0
68,4472542,33875186,Excellent,0
26,7473014,28254222,Poor,1
20,16245462,61242142,Good,0
51,6529801,23012598,Excellent,0
32,7808163,69384973,Good,0
49,9284851,77337162,Good,1
42,15583071,59864537,Excellent,1
38,15201841,66912105,Poor,0
51,12600177,37502170,Excellent,0
49,15949915,49362533,Good,1
48,4195885,98572370,Poor,0
68,12544691,12775679,Good,0
64,6898190,14929645,Poor,0
48,6388445,25809587,Excellent,1
49,14880707,90417897,Poor,0
35,12667788,40569506,Good,0
59,14721786,63077511,Good,0
38,11197590,93606138,Good,0
37,11182535,50905971,Poor,1
20,15919819,54270645,nan,0
33,13196894,85037806,Good,0
66,15988365,95505591,Excellent,0
69,7363089,57134150,Excellent,0
21,17884599,73571402,Poor,1
47,15762750,11379878,Poor,0
68,8092792,15463128,Excellent,1
69,3578526,60541643,Good,0
49,9612208,66152921,Good,0
57,17244857,92820133,Good,0
23,10587676,68872938,nan,0
20,14734111,22509938,nan,0
27,19541989,26857908,Excellent,1
48,3814422,94911341,Good,0
58,17607153,63576692,Good,0
22,19406440,19058071,Good,1
51,15663723,81698319,Good,1
29,19192668,32616524,Poor,0
29,8153435,75984280,nan,0
38,4416842,93924540,nan,0
65,6689024,67738549,Poor,1
53,13670216,98490741,Good,1
52,6641771,85969656,Good,1
42,9428099,88377781,Good,1
47,7079441,18398275,Excellent,0
51,8356430,94924682,Excellent,1
69,5188370,31859824,Good,0
26,18861936,90276678,Good,0
48,12937093,76655789,Good,0
27,12955951,30897482,Good,1
20,16490123,87556904,Good,1
22,17023346,8775702,Good,0
43,17396836,42644716,Good,1
42,16869526,28547377,Excellent,1
27,9985945,99674459,Poor,0
66,12144220,79007274,Good,0
56,5076475,7455918,Good,1
22,5141912,13053048,Good,0
52,6144311,17194329,Good,0
47,15414998,19042008,Good,1
66,12056148,66086560,Poor,1
27,5195690,30476259,Poor,0
53,12976844,47101517,Excellent,1
54,16399140,29365389,Good,0
51,16852523,12955229,Excellent,0
43,8056093,59062018,Good,0
33,17358216,66158095,Good,0
51,19331284,92574253,Poor,1
65,5464722,52152541,Poor,0
62,9559442,20239667,nan,0
35,18136395,96895886,Excellent,0
23,8630761,67648941,nan,1
56,16939600,40534839,nan,0
40,5901092,78252056,Poor,0
33,18783215,41832178,Poor,0
50,12911142,5801125,Poor,1
67,4722907,57718185,nan,0
37,16063720,91884858,Excellent,0
26,9882799,19775854,Good,0
29,9921983,24470911,Excellent,1
26,9526925,90654773,Good,0
52,14277547,99265849,Good,0
42,15374888,81807487,Good,0
40,11343528,10254230,Poor,0
38,13488017,42411032,Excellent,1
67,11020364,17901865,Good,0
38,10451747,55433542,Good,1
55,6881857,49476240,Good,1
48,7537871,78297617,Poor,0
37,7739400,48547632,Good,1
21,14062437,42221001,Good,1
20,18168970,58560760,Good,1
66,19895797,39603398,Good,0
24,19271063,87620796,Good,0
39,7809479,79984753,Excellent,0
30,16753606,74198496,Good,1
61,6110691,12834112,Poor,0
21,14688962,32006699,Good,0
22,16431835,76908276,Good,0
42,13764827,88199163,Good,0
31,12746919,32534241,Excellent,0
39,19762293,34361667,nan,0
24,7510784,72068816,nan,0
56,19941290,96615658,Poor,1
57,5570466,50949429,Good,0
49,15043788,95693120,Excellent,1
28,17622008,51016582,Poor,0
53,15871728,11355421,Good,0
63,12179253,90449905,Excellent,1
54,6287093,25805820,Good,1
41,4017481,67198050,Good,0
63,11451115,12433980,Good,1
43,5338377,23301847,Good,1
36,9047511,98466578,Poor,1
29,12998081,66065507,Good,0
49,18902677,43778801,Good,0
65,18176077,77070778,Good,0
42,3737954,19390554,Poor,0
51,5908056,12595853,Excellent,0
36,10840130,96537041,Good,1
69,12095781,73015259,Good,0
36,8934261,69750075,Good,0
33,7510579,21188828,nan,0
28,12068055,84325711,Good,1
59,16562026,13288515,Good,0
21,14368856,93691108,Good,1
64,14002595,82805072,Excellent,0
44,14142521,13884527,Poor,1
58,17634171,33447661,Good,1
28,10704694,27048729,Good,0
41,5378907,10005231,Good,1
62,9990607,15698216,Excellent,0
65,7532688,73456067,Excellent,0
23,5363162,61998429,Poor,0
45,8680820,80964061,Excellent,0
48,13600157,15781973,Good,1
64,5345704,39741450,Poor,0
53,15969633,48635777,Poor,0
42,11811940,26874795,Good,0
56,11277983,45966411,Excellent,0
30,13031033,74376221,Good,0
25,8304120,73908835,Good,1
37,4447947,14532945,Poor,0
40,8813775,38059070,Poor,0
61,15565034,19517702,Poor,0
55,9472652,50525374,Good,0
60,17219886,5573881,Excellent,0
57,18913266,86602393,Poor,1
53,3676296,14407062,Good,0
36,3379039,61628313,nan,0
56,3528714,94779948,Excellent,0
44,10035655,87188677,Good,0
57,11368352,19242373,Excellent,1
31,11941047,46163819,Good,0
42,19708666,43807239,Good,0
61,7371047,92764631,Good,1
41,16721794,8301394,nan,0
40,10184872,74936228,Good,0
46,10427297,75463377,Poor,0
50,16559001,82933150,Good,0
25,19920196,50069853,Excellent,1
46,13822611,73722424,Poor,0
59,10863438,91179753,Poor,1
53,17991637,58807136,Good,0
31,10972368,25080139,Excellent,1
64,5235883,60975541,nan,0
26,13939590,99773402,Poor,0
29,3764265,64147144,Good,0
64,17793752,60436107,nan,0
36,3308617,13103670,Good,0
45,14368954,39104860,Excellent,1
40,3744748,23866922,Excellent,1
47,15025170,35836413,Good,0
65,19439751,38467508,Good,0
21,16495655,15117390,Good,1
62,3734275,76414529,Poor,0
20,12686427,86417907,Poor,1
55,12422794,30562996,Good,0
45,11987114,14003281,Good,0
48,9194224,29529154,Good,0
40,11945326,12660678,Good,0
30,17703155,98765329,Good,0
59,9024293,40284715,Excellent,1
30,9193367,14142693,Good,1
55,8318331,26807008,Excellent,0
68,13736301,78498554,Poor,0
58,14152153,45320606,Good,0
59,6948401,39306425,Excellent,1
54,3124932,20678986,Poor,0
53,18841640,64445827,Good,0
66,13140106,56159930,Good,0
43,9280757,67155971,Good,0
41,9784672,45170352,Good,1
24,17069473,20234145,Good,0
52,14619039,84600220,Good,0
55,5592316,29090583,Good,0
66,19143481,62691307,Good,0
39,8895725,32740293,Good,0
38,18981957,18552664,Good,0
54,8438757,38872374,Good,0
62,12783893,25671672,nan,0
36,16064637,67565460,Good,0
64,5664749,38891894,Poor,0
62,16436812,92814287,Good,1
53,10246813,47364813,nan,0
28,3984156,40985062,Good,0
45,16331690,53702875,nan,0
21,13625643,43117599,Poor,0
28,14999562,12463131,Good,0
28,19300081,66550770,Excellent,1
59,12545226,7795126,Poor,0
36,8296990,46169328,Good,0
20,15299755,44117064,Excellent,1
44,9928655,95284985,nan,0
62,19003651,35535317,Good,1
59,14303471,58059012,Good,0
61,4821367,50566678,Excellent,1
44,6372863,32883716,Poor,1
58,4578315,63807849,Excellent,1
54,10427210,14079860,Poor,1
22,14893046,39456905,Good,1
69,15968805,55457850,nan,1
56,14199747,49117798,Good,0
63,8440107,80616014,Good,0
63,18172466,6417158,Poor,0
49,10081530,23613148,Poor,1
57,17940284,58004410,Good,1
53,15879120,35566254,Excellent,1
31,6201473,82141378,Good,1
38,12314823,68539547,Good,0
56,14422057,55281422,Excellent,0
63,4449991,23292770,Good,0
68,13900518,90470725,Good,0
36,3424528,48390347,Good,0
29,14103831,52484197,nan,1
68,18652956,55283084,Good,1
66,9450219,69060764,Good,0
31,8265481,67467218,Poor,0
35,16618723,41785218,Good,0
43,11527835,38432455,Good,0
38,12080745,93562183,Poor,0
27,3281854,33616825,Good,0
50,9662314,92302483,nan,0
40,17284503,29416430,Good,0
36,17567593,29467331,Good,1
42,8830395,36499954,Good,0
56,12873863,42175852,Good,0
35,18410095,99663815,Poor,0
25,10083610,53815958,Good,0
27,19411413,92829519,Good,0
44,18547546,20111500,Excellent,1
37,4901740,18028847,Poor,0
44,8648393,66597704,Good,0
31,15651235,39806093,Good,0
34,10395873,90000180,Good,0
45,7584946,79925048,Good,0
60,13684544,53503110,Good,0
64,16724252,23286606,Poor,1
45,14300674,60043685,Excellent,1
66,10873491,47258657,Good,1
51,8875293,48036055,Good,0
29,15951138,93356836,Good,0
35,12064281,63811819,Good,1
26,4094316,66569024,Good,0
36,7300915,81843273,nan,0
42,18078236,41382186,Poor,0
45,9760403,77062663,nan,0
40,18155892,70981367,Excellent,0
41,9620241,65411248,Good,0
26,4636675,68082456,Poor,0
33,18125440,63570763,Good,1
34,19316160,70633624,Good,0
26,13117273,13351184,nan,0
28,4035891,70431227,Good,0
67,19658746,34025773,Excellent,0
27,12031370,84721839,Good,0
69,10611432,47197411,Excellent,1
42,12156484,66803384,nan,0
48,16722816,94143466,Poor,1
37,17374288,18856901,Poor,0
50,8277420,48105220,Good,0
49,10272003,54309098,Excellent,1
58,18020740,72529752,nan,0
54,4760511,80404817,Excellent,0
37,6541815,98637821,Poor,0
61,11434610,35663820,Poor,0
58,7610146,24973915,Excellent,0
36,7139289,66237905,Poor,0
33,18986546,74319994,Excellent,0
50,8351826,22984955,Poor,0
43,16698156,63508606,Good,1
54,9390459,65921272,Good,1
63,4784006,77239282,Good,1
64,17900526,85086071,Good,0
53,7913478,24494042,Good,1
22,12017497,73597407,Poor,0
56,11303143,94739374,Good,1
62,13755716,36905928,Good,0
59,15233494,44483623,Excellent,0
45,9679155,78525979,nan,1
42,8737580,94473837,Excellent,0
63,17773394,89997368,nan,0
58,3225391,25075489,Poor,1
34,17893670,48714543,Good,1
68,9698541,87551106,Poor,1
23,19968603,29093575,Excellent,0
48,16872621,84947269,Good,0
41,6632632,47547151,Good,0
44,17106894,17299695,Excellent,0
32,16580994,95209766,Good,0
37,8596526,82941341,Poor,0
52,6291070,98022636,Good,0
35,3801955,83056716,Poor,0
64,5013148,61925892,Poor,1
61,7467223,18811224,Good,1
63,16561666,89717715,Good,1
21,3147745,74853550,Poor,1
54,6792824,92116625,Excellent,0
61,13119600,96464769,Excellent,1
53,3137686,72340278,Good,0
49,8250295,84948588,Excellent,1
32,7151923,32229553,Good,1
32,17401814,88693742,Good,1
37,8679980,74510974,Good,0
51,8149534,6643083,Poor,0
51,15312829,48958766,Good,0
54,6314344,16791470,Good,0
58,3049976,31576632,Poor,0
65,13751736,10050058,Excellent,0
48,15031301,5021650,Good,0
68,4947238,58355494,Good,0
48,12784404,99147892,Good,1
63,19553474,82836661,Good,0
35,9330034,54363500,Poor,0
63,14949870,30372075,Good,1
66,18542211,95711767,Poor,0
29,3045475,29556224,Excellent,1
49,11080552,19701106,Good,0
44,8396364,94906090,nan,0
58,6239254,45676214,Good,0
39,4099577,84567573,Good,0
24,10232024,76622071,Good,0
20,15084335,81914165,Good,0
49,11274125,36239442,Good,0
68,4531064,98169489,Good,0
22,19121213,57056502,Excellent,0
64,7411887,64103067,nan,0
33,18043962,60027643,Poor,0
49,11615797,73117178,Good,0
69,5076198,91379410,Poor,0
23,10466511,98992475,Poor,0
37,14038932,28507635,Excellent,0
56,17639413,89597796,Excellent,1
44,7999111,24544473,Excellent,0
67,4420858,70017442,Good,1
20,4748982,69370273,Poor,1
65,19448425,46096674,Good,0
34,16996474,79467919,nan,0
28,17579873,88800357,Good,1
34,11466685,89231510,Good,1
68,16837264,30994235,Good,0
43,17749151,48883023,Excellent,1
23,17430217,38511963,Good,1
31,13029840,87489327,Good,0
56,19733743,86260962,nan,1
56,17975128,95198459,nan,0
62,8122964,39401837,Good,0
25,7095077,52582023,Good,1
58,7630232,15680555,Excellent,1
65,3920114,54063350,nan,0
43,11990499,55565110,Poor,0
30,18762512,44897301,Poor,0
32,16904360,24763284,Good,1
53,18037310,8401447,Excellent,0
44,14918529,16038804,Poor,1
26,11147047,17176872,Poor,1
23,5182926,94401408,Good,0
27,17556255,50643397,nan,0
39,6344250,55205334,Poor,0
48,3537977,97684914,Good,0
64,13387622,60701567,Poor,0
65,12946749,57096342,Poor,0
29,6668280,69650154,Poor,0
62,5723408,61803178,Excellent,0
53,13236666,57138902,Poor,0
45,9637640,65392605,nan,0
60,9837388,10002828,Good,0
68,13547781,5131562,Good,0
22,7654419,31218129,Good,0
25,11430899,61235862,Poor,0
24,7622580,27367456,Poor,0
24,10245136,17841272,Excellent,1
66,5122827,53593510,Excellent,0
42,10637174,15782554,Poor,0
68,13457279,38444652,nan,1
28,3296063,30136043,Good,0
54,4383875,33576855,Excellent,0
39,9625169,69419118,Good,1
68,4876336,24501490,Poor,1
61,10541586,52596201,Excellent,1
54,6956778,23371718,Poor,1
69,16141875,56819951,Good,0
37,18485415,10982547,Good,0
36,5887757,55850138,Poor,0
43,5468665,52942277,Excellent,0
22,9472973,82571418,Good,0
51,3692924,37010888,nan,1
54,19167670,26006444,Good,0
57,5570115,31427192,Poor,0
32,10499066,69397086,Excellent,1
66,7672412,40457556,Poor,1
44,16177733,74901401,nan,0
28,16059040,61586535,Poor,1
23,10181479,75256751,Poor,1
33,17025093,28641900,Good,0
56,8604327,88441228,Good,0
53,5473199,18053104,Good,0
30,16436735,40141974,Excellent,0
60,17917565,25639379,Good,0
22,3708175,53674916,Good,1
47,7394643,29522485,Good,1
48,3125355,60188084,Good,1
28,7222102,28834000,Good,1
22,19796693,32992091,Excellent,1
44,6556210,63874792,Excellent,0
53,9508856,34783576,Excellent,0
31,5487111,33110905,Excellent,1
61,5009606,32764209,Good,0
28,4559757,44788840,Excellent,0
34,9156738,12581002,Good,0
59,15856498,23794744,Good,1
44,12212367,73110885,Poor,0
24,11519792,31584138,Good,1
30,3245300,51926657,Excellent,0
53,11972618,22069223,Good,0
43,19869252,20446786,Excellent,0
34,8995802,82993462,Good,1
57,6662340,53750452,Good,0
27,15818331,17453218,Excellent,1
24,19931908,7928785,Good,0
67,13779706,87814192,Good,0
45,16225839,81867443,Good,0
37,10724922,9791164,Poor,0
25,11152513,6612119,Poor,0
56,12777117,96813612,Good,0
67,7764812,20516706,nan,1
32,18512659,97662461,Excellent,0
47,18803917,78385984,Excellent,0
24,7036405,42771235,Excellent,1
32,15376401,81943867,Good,0
36,19202558,67779882,Poor,0
69,13013385,72252568,Good,0
59,5871656,20366031,Good,0
64,19347704,18723361,nan,0
51,18754631,13454364,Poor,1
48,16211292,81864536,Good,0
22,5326729,67266549,Good,0
59,9695233,34169138,Poor,0
53,11274437,29669000,Good,1
59,6907129,46330304,Good,0
46,19872772,69085033,Good,1
32,13286491,40951072,Good,1
64,6469992,85735137,Poor,1
52,18075268,52865579,Good,1
25,12944145,45549223,Excellent,0
43,9139353,46801105,Good,1
38,6666344,6286188,Poor,0
35,8650352,91972025,nan,1
59,14914970,25945989,Poor,0
47,19019014,98075295,Excellent,1
52,19836994,86779560,nan,0
67,12483017,86926191,Good,0
60,8003361,95523114,Excellent,1
32,15493007,23561310,Excellent,0
62,14730711,71913257,Good,0
64,5173513,82642269,Good,0
44,12787557,75770961,nan,1
61,17246041,13737723,Excellent,0
55,11910762,67745175,Good,0
46,9913462,76405948,Good,0
57,4011930,52628766,Excellent,0
26,18664622,64537422,Poor,1
24,4785818,58477891,Poor,1
62,5951720,89739239,Excellent,0
64,5082963,59230536,Poor,0
50,3289134,79757256,Poor,1
42,10632285,57762777,Excellent,0
61,7324660,73709584,Excellent,0
29,5866069,91491407,Poor,0
51,6835598,92105678,Good,0
62,7982042,52980339,Good,0
49,18053280,88817540,nan,0
58,3777567,95274038,Good,0
50,5716207,32135236,Good,0
37,4749736,13979219,Good,1
55,12958842,34107857,Excellent,0
21,19828923,51875246,Good,1
33,11669441,20371868,Good,0
32,12477571,86369859,Good,1
48,9104128,78735788,Excellent,1
31,19201688,11045001,Good,1
58,15383028,94763004,Good,1
21,12223482,30646174,Good,0
51,12278101,39050664,Excellent,0
32,9687666,25411399,Good,0
65,3778799,62933890,Good,0
46,10079701,82184495,Poor,0
68,3879459,36109310,nan,1
60,4822744,57960621,Poor,0
36,18521772,59244317,nan,0
59,11167707,31592372,Excellent,1
50,13679744,8991818,Good,0
53,15030252,13164962,Poor,0
43,16321008,61372732,Good,1
64,15573832,70978252,Poor,0
54,12240658,99299299,Good,0
67,10446153,5250231,Good,1
25,5567587,48004556,nan,1
38,19596204,85071947,Good,1
49,3264237,60067172,Excellent,0
26,7469353,92258185,Good,1
29,5514719,28518715,Good,0
60,19021765,39533367,Excellent,0
51,4908911,43821960,Poor,0
53,7002981,47973491,Excellent,0
47,4419920,57461766,Good,0
34,5179441,5420993,Poor,0
49,5737946,24038007,Excellent,0
56,19730165,38548071,Poor,0
48,5088062,93487398,Good,1
41,13745240,96160404,nan,0
23,11352110,51984860,Poor,0
39,6861774,7752690,nan,0
51,6800986,53482500,Excellent,0
55,8332889,73112374,Excellent,0
69,18103223,22848408,Good,0
23,14207515,73969235,Good,0
46,19822032,84694571,Excellent,1
36,3004138,29555728,Good,0
31,16379795,71395265,Good,0
41,6864044,50353996,Good,0
36,19998768,99205561,Good,0
29,13608790,58947238,nan,0
20,16501550,35147291,Excellent,0
41,17899192,87969705,Good,0
45,3808301,36616374,Good,1
37,3112935,24138117,Excellent,1
69,17166218,96124305,Poor,0
33,15440497,86952330,nan,1
66,17369952,91838133,Poor,0
48,7280650,8291987,Good,1
31,7523535,52538500,Poor,0
55,15988753,62873362,nan,0
54,13970761,34268923,Poor,1
31,12241937,87298322,Poor,1
26,4730085,52809902,Good,1
48,5026110,70555773,Excellent,0
30,14473170,14179279,Excellent,1
52,8641379,17896471,Good,1
25,15983738,59594920,Good,0
66,11825150,64304974,Good,0
34,5980672,10492952,Good,0
51,17418934,53236011,Good,1
30,18214455,99469046,Good,0
42,17107226,70256994,Poor,0
45,13450695,15197174,Good,0
53,19859625,83002445,Good,0
65,16281788,11297042,Excellent,0
53,15213866,85710501,Poor,0
48,16866352,76161443,Poor,1
23,8417755,12200262,Good,0
36,8131104,33862768,Poor,1
54,4927716,79834030,Good,0
32,13310280,79798069,Excellent,0
60,19140113,70556711,Good,0
58,8241684,90495505,Poor,0
34,13032315,24080923,Good,0
48,19215665,31705487,Excellent,1
48,6800315,77571474,Poor,0
30,19160362,7098729,Good,0
51,14756878,68022352,Good,0
21,9469723,96123390,Poor,0
66,3344126,90706924,nan,1
33,17261909,69201676,Excellent,0
39,19525823,62900186,Good,0
41,14301119,21465417,Good,0
30,8939334,67925345,nan,0
46,9393404,98179800,Poor,0
22,6330922,28917061,Poor,0
36,19452814,17124055,nan,0
63,11686594,21139153,Excellent,0
47,17693325,37315606,Poor,0
48,18805349,46142405,Good,1
40,13854520,72259517,Good,0
66,13411392,87106264,Excellent,1
35,12242213,7488144,Good,1
56,16925413,61294061,Good,0
39,13761556,94013399,Good,0
25,6433372,58815626,Good,0
38,3770692,50399577,Poor,1
24,3673812,10088539,Poor,0
22,10797698,95821506,Good,0
20,9982252,94666634,Good,0
57,6817042,80883685,nan,1
34,7539170,27074556,Good,0
53,7969411,57828237,Excellent,0
54,3536644,38971122,nan,0
68,3652416,68938137,Good,0
44,14536523,98438639,Poor,0
43,4474620,75105108,nan,1
31,12563454,31043575,Good,1
37,4849395,77468326,Poor,1
34,3989336,12838941,Good,0
63,16350198,31088250,Good,0
35,15294121,40432211,Excellent,0
46,18551270,40179631,Excellent,0
27,8666912,6801951,Excellent,0
65,7318420,13441557,Good,0
44,12044104,68378490,Good,0
36,6205228,99467398,Poor,0
48,16453858,33720008,Good,0
27,9717526,81506732,Poor,1
34,11464848,80337600,Poor,0
46,7429899,22566364,Poor,1
65,6891151,88604679,Poor,1
69,4948061,97226871,Good,0
26,10347000,98790197,Good,0
22,8032661,14941699,Good,0
48,10603876,62340290,Poor,1
63,16654687,59152949,Poor,0
43,11551795,73417030,Excellent,1
22,16038062,99369792,Excellent,0
39,4562518,33886746,nan,1
65,8248400,27969573,Good,1
34,11556135,41065451,Good,0
44,18450708,35215254,Good,0
49,5744804,56662376,Excellent,0
33,4587819,39583674,Good,0
26,12908981,92594281,Excellent,0
36,9356381,80847540,Poor,1
63,18049424,52447968,nan,0
39,3594557,12283377,nan,1
55,10239914,12017955,Good,1
28,3990121,70833124,Good,0
57,14634313,52732712,Poor,1
67,10845870,50367678,Good,0
41,19247803,41292816,Good,1
21,18510435,55736559,Poor,0
43,8272225,74617028,Good,0
27,18460040,58650991,Poor,0
30,7109545,78283807,Poor,0
32,16592781,99011763,Good,0
36,15320422,55042301,Good,0
27,16076726,5171277,Good,0
40,9622766,68406526,Excellent,1
37,4751797,82890927,Good,0
49,11486014,45905980,Excellent,0
37,6452814,73470076,Good,0
65,9870679,87604446,Good,1
66,11038762,77989790,Good,1
50,12410044,23380560,Good,0
57,5891912,33439575,Good,0
51,10355566,66189747,Poor,0
30,19600352,85919190,Poor,0
64,10913490,83419793,Good,1
44,7798793,11562865,Good,0
52,18438825,53878285,Excellent,1
57,5328476,63445297,Poor,0
60,3484273,73490574,Good,1
27,17342901,41146254,Excellent,0
30,8386159,30967642,Good,1
41,8646895,85515633,Excellent,1
43,18102196,32384611,Good,1
60,3070463,66516022,Good,0
36,17773564,93301319,nan,0
31,8450652,38017422,Good,0
65,9852902,24878589,Excellent,0
51,12521791,24577390,Good,0
34,19634711,89759500,Poor,0
35,16430854,78110888,Excellent,0
41,8301572,36301473,Good,0
47,8116934,42967335,Excellent,0
39,16107392,82832543,Poor,0
52,13733296,91451900,Poor,0
29,11425021,66220767,Poor,0
59,18872528,51021853,Excellent,0
51,8890298,27611827,Good,0
69,11027522,60866096,Good,1
52,15057116,16885324,Excellent,1
21,17716532,35188544,Excellent,1
52,16531114,29219726,Good,1
52,7860319,62734379,Poor,0
60,18907609,6467256,Poor,0
32,17054779,70912156,Good,0
49,12304088,93235105,Good,0
52,11430664,53145489,Poor,0
32,14331383,18593077,Good,0
45,3773952,26108188,Excellent,0
41,7620792,13667126,Excellent,0
58,4337768,28711646,Good,1
21,6090930,38319676,Good,0
57,13249579,46280408,Good,0
58,13718952,62430565,Good,0
45,4406150,7705421,Excellent,0
65,14808156,65084615,Good,0
69,19126290,98437274,Poor,1
34,4229458,27575489,Good,0
53,17652353,51660816,Good,0
61,17986157,64127140,Good,0
63,17330290,34619149,Good,0
68,4493551,11942263,Good,1
59,15553863,43206556,Good,0
30,13095125,73471380,Excellent,1
